Initials,Survey,Site,Aspect,Quad,Label,Date,Month,Code,ErikCode,SoilMoisture,SoilMoisture%,SOM,pH,Sand%,Silt%,Clay%,NematodeAbundance,TotalNematodes,BF,FF,PP,Tyl,Omn,Pred,SM_ks,Achillea millefolium,Antennaria luzuloides,Apiaceae,Apocynum cannabinum,Astragalus purshii,Avena fatua,Balsamorhiza sagittata,Comandra umbellata,Synthyris rubra,Bromus commutatus,Bromus japonicus,Bromus sp.,Bromus tectorum,Calochortus,Carex geyeri,Carex sp.,Calamagrostis sp.,Castilleja hispida,Chenopodium album,Circaea alpina,Cirsium sp.,Clarkia pulchella,Claytonia lanceolata,Collinsia parviflora,Collomia grandiflora,Taraxacum officinale,Crepis sp.,Toxicoscordion venenosum,Delphinium nuttallianum,Elymus wawawaiensis,Epilobium brachycarpum,Eriogonum heracleoides,Festuca idahoensis,Fragaria virginiana,Frasera albicaulis,Galium aparine,Galium boreale,Gaillardia aristata,Geranium viscosissimum,Geum triflorum,Hieracium scouleri,Helianthella uniflora,Hydrophyllum capitatum,Iris missouriensis,Juncus sp.,Lactuca serriola,Lithospermum ruderale,Lomatium sp.,Lomatium dissectum,Lomatium macrocarpum,Lomatium triternatum,Lupinus sericeus,Lupinus (silver),Madia exigua,Madia glomerata,Madia gracilis,Madia sp.,Maianthemum racemosum ssp. amplexicaule,Tragopogon dubius,Microsteris gracilis,Convolvulus arvensis,Olsynium douglasii,Osmorhiza berteroi,Phlox longifolia ,Physocarpus malvaceus,Pinus sp.,Poa bulbosa,Polygonum arvense,Potentilla gracilis,Drymocallis glandulosa,Prunus virginiana,Pseudoroegneria spicata,Ribes viscosissimum,Rosa woodsii,Rosa sp.,Rosa gymnocarpa,Festuca campestris,Salsola tragus,Sisymbrium altissimum,Spiraea lucida,Hypericum perforatum,Anthemis cotula,Symphoricarpos albus,Thalictrum occidentale,unk big leaf whorl,unk dandelion,unk grass1,unk linear divided,unk panicle grass,unk slender herb,unk tall/skinny,Ventenata dubia,Veratrum californicum var. californicum,Vicia villosa,Viola adunca
,,,,,,,,,,,,,,,,,,,,,,,,,,p,p,,p,p,a,p,p,p,a,a,,a,p,p,p,p,p,a,p,p,a,p,a,a,p,,p,p,p,a,p,p,p,p,a,p,p,p,p,p,p,p,p,p,a,p,p,p,p,p,p,,a,a,a,a,p,p,a,p,p,p,p,p,p,p,a,p,p,p,p,p,p,p,p,p,a,a,p,p,a,p,p,,,,,,,,a,p,a,p
"KS, SM",1,ML,bottom,1,ML_B_1,210605,June,ML_B_1_June21,ML_B_June21,na,na,na,na,na,na,na,na,na,na,na,na,na,na,na,na,,,,,,,,,,10,,,2,,,,,,,,,,,,,,,,,,,,,,,,,,10,5,,,,,,,,,,,,,10,,,,,,,1,,,,,,,,,10,20,,,,,,,,,2,,,,,,,,,,5,,,,,,
"KS, SM",1,ML,bottom,2,ML_B_2,210605,June,ML_B_2_June21,ML_B_June21,na,na,na,na,na,na,na,na,na,na,na,na,na,na,na,na,,,,,,,,,,10,,,,,,,,,,,,,,,,1,,,,,,,,,,,,,35,,,,,,3,2,10,,,,,,7,,,,,,,1,,,,,,,,,2,,,,,,,,,,,,,,,,,,,,5,,,,,,
"KS, SM",1,ML,bottom,3,ML_B_3,210605,June,ML_B_3_June21,ML_B_June21,0.074229398,6.910013664,7.559236737,6.98,12.06467662,64.1296281,23.80569528,14.51553571,546,15,10,6,6,18,0,na,5,,,,,,,,,5,,,,,,,,,,,,,,,,,,,,,,,,,,,,,55,,,,,,5,,2,,,,,,,,,,,,5,,,,,,,,,,,2,,,,,,,,,,,,,,,,,,,3,,,,,,
"KS, SM",1,ML,bottom,4,ML_B_4,210605,June,ML_B_4_June21,ML_B_June21,0.096124537,8.769490515,14.80513825,6.95,35.00749625,42.05397301,22.93853073,23.71034968,866,45,27,7,3,3,1,na,,,,,,,,,,3,,,25,,,,,,,,,,,,,,,,,,,,,,,,,,,,,,,,2,3,,,,,,,7,,,,,,,3,,,,,,,,,,5,,,,,,,,,7,,,,,,,,,,,,,,,,
"KS, SM",1,ML,bottom,5,ML_B_5,210605,June,ML_B_5_June21,ML_B_June21,0.088400172,8.122028526,15.42331465,6.01,13.71913195,59.79862142,26.48224663,30.64691449,1128,41,19,20,16,17,0,na,5,,,5,,,,,,,2,,30,,,,,,,,,,,1,,,,,,,,,,,,,,,25,,,,,,10,2,,,,,,,10,,,,,,2,1,,,,,,,,,,,,,,,,,,,2,,,,,,,,,,,,,,,,
"KS, SM",1,ML,east,1,ML_E_1,210605,June,ML_E_1_June21,ML_E_June21,na,na,na,na,na,na,na,na,na,na,na,na,na,na,na,na,,,,7,,,,,,15,,,15,,,,,,,,,,,,,,,,,,,,,,,,,,,,,,,,,5,10,,,,,,,,,,,,,,,,,,,,,,,,,2,,,,,,,,,,,,,,,,,,,,,,,
"KS, SM",1,ML,east,2,ML_E_2,210605,June,ML_E_2_June21,ML_E_June21,na,na,na,na,na,na,na,na,na,na,na,na,na,na,na,na,,,,10,,,,2,,10,,,5,,,,,,,,,,,2,,,,,,,,,10,,,,,,30,,,,,,,5,10,,,,,,1,,,,,,,,,,,,,,,,,,,,,,,,,,,,,,,,,,,,,,,,,,
"KS, SM",1,ML,east,3,ML_E_3,210605,June,ML_E_3_June21,ML_E_June21,na,na,na,na,na,na,na,na,na,na,na,na,na,na,na,na,,,,,,,10,1,,2,,,,,,,,,,,,,,,,,,,,,,,15,,,,,,,,,,,,,,1,1,,,,,2,,,,,,,,,,,,,,,,,,,,,,,,,,,,,,,,,,,,,,,,,,
"KS, SM",1,ML,east,4,ML_E_4,210605,June,ML_E_4_June21,ML_E_June21,na,na,na,na,na,na,na,na,na,na,na,na,na,na,na,na,,,,,,,,5,,1,,,10,,,,,,,,,,,,,,,,,,,5,,,,,,,40,,,,,,,1,,,,,,,,,,,,,,,,,,,,,,,,,,,,,,,,,,,,,,,,,,,,,,,,,
"KS, SM",1,ML,east,5,ML_E_5,210605,June,ML_E_5_June21,ML_E_June21,na,na,na,na,na,na,na,na,na,na,na,na,na,na,na,na,,,,5,,,,,,10,,,10,,,,,,,,1,,,,2,,,,,,,,,,,,,,,,,,,,,4,,,,,,,2,,,,,,,1,,,,,,,,,,,,,,,,,,,,,,,,,,,,,,,,,,,
"KS, SM",1,ML,north,1,ML_N_1,210605,June,ML_N_1_June21,ML_N_June21,0.254975591,20.31717534,17.87457754,6.06,10.70535268,58.10560783,31.1890395,9.61144436,310,9,4,3,4,9,1,na,,,,,,,,,,,,,,,,,10,,,,,,,,,,,,,,,,,5,,,,,,20,1,,,,,,,,,,,,,,,,,,5,,,,,,,,,,,,,,,5,,,,,,,,,,,,,,,,,,,,,
"KS, SM",1,ML,north,2,ML_N_2,210605,June,ML_N_2_June21,ML_N_June21,0.159634077,13.7659008,10.60034305,6.51,12.91358025,68.19030981,18.89610995,24.43102171,844,25,32,10,15,2,0,na,,,,,,,,,,,,,,,,,50,,,,,,,,,,,,,,,,,5,,,,,,5,,,,,,,5,,,,,,,,,,,,,,,,,,,,,,10,,,,,,,,,,,,,,5,,,,,,,,,,,,
"KS, SM",1,ML,north,3,ML_N_3,210605,June,ML_N_3_June21,ML_N_June21,na,na,na,na,na,na,na,na,na,na,na,na,na,na,na,na,2,,,,,,,,,,,,,,,,60,,,,,,,,,,,,,,,,,2,,3,,,,,1,,,,,,,,,,,,,,,,,,,,,,,,,,,,,,,,,5,,,,,,,,,,,,,,,,,,,,,
"KS, SM",1,ML,north,4,ML_N_4,210605,June,ML_N_4_June21,ML_N_June21,na,na,na,na,na,na,na,na,na,na,na,na,na,na,na,na,,,,,,,,,,,,,,,,,60,,,,,,,,,,,,,,,,,,,,,,,,10,,,,,,2,,,,,,,,,,,,,,,,,,,,,,5,,,,,,,,,,,,,,,,,,,,,,,,,,
"KS, SM",1,ML,north,5,ML_N_5,210605,June,ML_N_5_June21,ML_N_June21,0.224397406,18.32717098,17.00721889,6.65,15.16352825,58.32507433,26.51139742,30.04018121,982,52,17,3,3,23,0,na,,,,,,,,,,,,,,,,,,,,,,,,,,,,,,,5,,,10,,1,,,,,,,,,,,15,,,,,,,,,,,,,,,,,,,,,,,,,5,,,,,,,,,,,,,,,,,,,,,,,
"KS, SM",1,ML,south,1,ML_S_1,210605,June,ML_S_1_June21,ML_S_June21,0.016259371,1.599923357,8.168630124,6.32,11.88949186,55.69679789,32.41371025,2.680489035,106,8,7,4,7,4,0,na,,,,15,,,10,1,,10,,,,,,,,,,,,,,,,,,,,,,,20,,,,,,,,,,,,,1,,,,,,,10,,,,,,,,,,,,,,,,,,,2,,,,,,,,,,,,,,,,,,,,,,,
"KS, SM",1,ML,south,2,ML_S_2,210605,June,ML_S_2_June21,ML_S_June21,na,na,na,na,na,na,na,na,na,na,na,na,na,na,na,na,,,,,,,,2,,5,,,,,,,,,,,,,,,,,,,,,,,10,,,,,,,,,,,,,,10,,,,,,20,,,,,,,,,,,,,,,,,,,,,,,,,,,,,,,,,,,,,,,,,,
"KS, SM",1,ML,south,3,ML_S_3,210605,June,ML_S_3_June21,ML_S_June21,0.02953715,2.868973676,10.20097442,6.55,8.68921254,67.19841501,24.11237245,10.84697352,422,19,4,5,0,14,0,na,,,,,,,,1,,,,,2,,,,,,,,,,,,,,,,,,,,5,,,,,,,,,,,,,,5,,,,,,3,,,,2,,,,,,,,,,,,,,,30,,,,,,,,,,,,,,,,,,,,,,,
"KS, SM",1,ML,south,4,ML_S_4,210605,June,ML_S_4_June21,ML_S_June21,0.018275215,1.794722546,5.92709671,7.71,9.032891507,74.55735559,16.4097529,7.571930564,304,8,5,3,3,10,1,na,,,,10,,,,1,,2,,,,,,,,,,,,,,,,,,,,,,,15,,,,,,,,1,,,,,,,,,,,,10,,,,,,1,,,,,,,,,,,,,,,,,,,,,,,,,,,,,,,,,,,,
"KS, SM",1,ML,south,5,ML_S_5,210605,June,ML_S_5_June21,ML_S_June21,na,na,na,na,na,na,na,na,na,na,na,na,na,na,na,na,,,,5,,,,2,,,,,,,,,,,,,,,,,,,,,,,,,25,,,,,,,,,,,,,,2,,,,,,15,,,,,,,,,,,,,,,,,,,,,,,,,,,,,,,,,,,,,,,,,,
"KS, SM",1,ML,top,1,ML_T_1,210605,June,ML_T_1_June21,ML_T_June21,na,na,na,na,na,na,na,na,na,na,na,na,na,na,na,na,,,,,,,,,,2,,,40,,,,,,,,7,,,,,,,,,,,,,,,,,,,,,,,,,7,,,,,,,3,,,,,,2,3,,,,,,,,,,,,,,,,,,,,,,,,,,,,,,,,,,3,
"KS, SM",1,ML,top,2,ML_T_2,210605,June,ML_T_2_June21,ML_T_June21,na,na,na,na,na,na,na,na,na,na,na,na,na,na,na,na,,,,,,,,,,,1,,50,,,,,,,,,,,,,,,,,,,,,,,,,,,,,,,,,3,,,,,,,1,,,,,,2,1,,,,,,,,,,,,,,,,,,,5,,,,,,,,,,,,,,,,
"KS, SM",1,ML,top,3,ML_T_3,210605,June,ML_T_3_June21,ML_T_June21,0.015338289,1.510658017,5.589536087,7.16,8.40751731,71.89517458,19.69730811,8.402729816,332,10,11,3,1,8,0,na,,,,,,,,10,,10,,,,,,,,,,,,,,,,,,,,,,,,,1,,,1,,,1,,,,,,,,,,,,1,,,,,,,,,,,,,1,10,,,,,2,,,,,,,,,,,,,,,,,,,,,,,
"KS, SM",1,ML,top,4,ML_T_4,210605,June,ML_T_4_June21,ML_T_June21,0.023816702,2.326266196,5.888855391,7.65,9.945164506,74.81478641,15.24004908,26.88024756,1056,39,10,25,3,29,0,na,,,,,,,,2,,5,,,,,,,,,,,,,,,,,,,,,,,,,10,,,,,10,,,,,,,,,,,,,,,,,,,,,,,,,,,,,,,,20,,,,,,,,,,,,,,,,,,,,,,,
"KS, SM",1,ML,top,5,ML_T_5,210605,June,ML_T_5_June21,ML_T_June21,0.027260969,2.653753027,5.342751965,6.96,5.928466438,71.82488711,22.24664645,14.38641527,568,27,9,2,1,18,0,na,,,,,,,,2,,10,,,,,,,,,,,,,,,,,,,,,,,,,1,,,,,,,,,,,,,,,,,,,,,,,,,,,,,,,,10,,,,,,,,,,,,,,,,,,,,,,,,,,,1,
"KS, SM",1,ML,west,1,ML_W_1,210605,June,ML_W_1_June21,ML_W_June21,na,na,na,na,na,na,na,na,na,na,na,na,na,na,na,na,,,,,,,,,1,,,1,27,,,,,,,,,,,1,,,,,,,,,,,,2,,,,,1,,,,,1,,,,,,,10,,,,,,,1,,,,3,,,,,25,,,,,,,,,,2,,,,,,,,,,,,,,,,
"KS, SM",1,ML,west,2,ML_W_2,210605,June,ML_W_2_June21,ML_W_June21,na,na,na,na,na,na,na,na,na,na,na,na,na,na,na,na,,,,,,,,,,,,,30,,,,,,,,,,,1,,,,,1,,,,,,,,,,,,,,,,,3,,,,,,,4,,,,1,,,3,,,,,,,,,17,,,,,,,,,,1,,2,,,,,,,,,,,,,,
"KS, SM",1,ML,west,3,ML_W_3,210605,June,ML_W_3_June21,ML_W_June21,na,na,na,na,na,na,na,na,na,na,na,na,na,na,na,na,,,,3,,,,,,,,,30,,,,,,,,,,,,,,,,1,,1,,,,,,,,,,,,,,,7,,,,,,,,,,,2,,1,3,,,,,,,,,,,,,,,,,,,2,,3,,,,,,,,,,,,,,
"KS, SM",1,ML,west,4,ML_W_4,210605,June,ML_W_4_June21,ML_W_June21,na,na,na,na,na,na,na,na,na,na,na,na,na,na,na,na,2,,,,,,,,,1,,,,,,,10,,,,,,,,,,,,,,,,,,,,,,,,,,,,,,,,,,,,,,,,,,,,,,,,,,,,7,,,10,,,,,,,,,,,7,,,,,,,,,,,,
"KS, SM",1,ML,west,5,ML_W_5,210605,June,ML_W_5_June21,ML_W_June21,na,na,na,na,na,na,na,na,na,na,na,na,na,na,na,na,,,,,,,,,,,,,,,,,40,,,,,,,,,,,,,,,,,2,,,3,,,,,,,,,,,,,,,,,,,,,,,,,,,,,,,,2,,,,,,,,,,,,,,,,,,,,,,,,,,
"KS, SM",1,EWU,bottom,1,EWU_B_1,210606,June,EWU_B_1_June21,EWU_B_June21,0.117209595,10.49128071,6.399916204,5.84,8.414971113,64.07597259,27.5090563,8.193740656,295,17,9,2,1,1,0,na,,,,,,5,,,,,,,,,,,,,,,,,,,,,,,,,,,,,,,,,,,,,,,,,,,,,,,,,,,,,,,,,,,,,,,,,,,,,,,,,,,,,,,,,,,,,,,,,
"KS, SM",1,EWU,bottom,2,EWU_B_2,210606,June,EWU_B_2_June21,EWU_B_June21,0.21231842,17.51342025,5.461940732,5.59,9.449015208,61.29131284,29.25967196,17.84244331,590,36,12,6,1,4,0,na,,,,,,2,,,,,,,,,,,,,,,,,,,,,,,,,,,,,,,,,,,,,,,,,,,,,,,,,,,,,,,,,,,,,,,,,,,,,,,,,,,,,,,,,,,,,,,,,
"KS, SM",1,EWU,bottom,3,EWU_B_3,210606,June,EWU_B_3_June21,EWU_B_June21,0.141946309,12.43020864,6.342281879,5.8,3.638175928,68.15063216,28.21119192,14.28426821,503,21,22,1,1,5,0,na,,,,,,3,,,,,,,,,,,,,,,,,,,,,,,,,,,,,,,,,,,,,,,,,,,,,,,,,,,,,,,,,,,,,,1,,,,,,,,,,,,,,,,,,,,,,,,,,,
"KS, SM",1,EWU,bottom,4,EWU_B_4,210606,June,EWU_B_4_June21,EWU_B_June21,na,na,na,na,na,na,na,na,na,na,na,na,na,na,na,na,,,,,,1,,,,,,,,,,,,,,,,,,,,,,,,,,,,,,,,,,,,,,,,,,,,,,,,,,,,,,,,,,,,,,1,,,,,,,,,,,,,,,,,,,,,,,,,,,
"KS, SM",1,EWU,east,1,EWU_E_1,210606,June,EWU_E_1_June21,EWU_E_June21,na,na,na,na,na,na,na,na,na,na,na,na,na,na,na,na,,,,,,,,,,,,,,,,,,,,,,,,,,,,,,,5,,,,,,,,,,,,,,,,,,,,,,,,,,,,,,,,,,,,,5,,,,,,,,,,,,,,,,,,,,,,,,,,,
"KS, SM",1,EWU,east,2,EWU_E_2,210606,June,EWU_E_2_June21,EWU_E_June21,na,na,na,na,na,na,na,na,na,na,na,na,na,na,na,na,,,,,,,,,,,,,,,,,,,,,,,,,,,,,,,,,,,,,,,,,,,,,,1,,,,,,,,,,,,,,,,,,,,,,2,,,,,,,,,,,,,,,,,,,,,,,,,,,
"KS, SM",1,EWU,east,3,EWU_E_3,210606,June,EWU_E_3_June21,EWU_E_June21,na,na,na,na,na,na,na,na,na,na,na,na,na,na,na,na,,,,,,,,,,,,,,,,,,,,,,,,,,,,,,,,,,,,,,,,,,,,,,,,,,,,,,,,,,,,,,,,,,,,2,,,,,,,,,,,,,,,,,,,,,,,,,,,
"KS, SM",1,EWU,east,4,EWU_E_4,210606,June,EWU_E_4_June21,EWU_E_June21,na,na,na,na,na,na,na,na,na,na,na,na,na,na,na,na,,,,,,,,,,,,,,,,,,,,,,,,,,,,,,,2,,,,,,,,,,,,,,,,,,,,,,,,,,,,,,,,,,,,,5,,,,,,,,,,,,,,,,,,,,,,,,,,,
"KS, SM",1,EWU,north,1,EWU_N_1,210606,June,EWU_N_1_June21,EWU_N_June21,0.137490098,12.08714684,3.87009166,6.36,0.173999503,56.48417955,43.34182094,8.951295504,318,5,10,10,7,0,0,na,,,,,,5,,,,,,,,,,,,,,,,,,,,,,,,,3,,,,,,,,,,,,,,,,,,,,,,,,,,,,,,,,,,,,,2,,,,,,,,,,,,,,,,,,,,,,,,,,,
"KS, SM",1,EWU,north,2,EWU_N_2,210606,June,EWU_N_2_June21,EWU_N_June21,0.026323602,2.564844277,3.899059871,5.97,1.123315027,55.59839155,43.27829342,4.807016548,188,6,20,0,3,1,0,na,,,1,,,3,,,,,,,,,,,,,,,,,,,,,,,,,,,,,,,,,,,,,,,,,,,,,,,,,,,,,,,,,,,,,,,,,,,,,,,,,,,,,,,,,,,,,,,,,
"KS, SM",1,EWU,north,4,EWU_N_4,210606,June,EWU_N_4_June21,EWU_N_June21,na,na,na,na,na,na,na,na,na,na,na,na,na,na,na,na,,,,,,10,,,,,,,,,,,,,,,,,,,,,,,,,,,,,,,,,,,,,,,,,,,,,,,,,,,,,,,,,,,,,,,,,,,,,,,,,,,,,,,,,,,,,,,,,
"KS, SM",1,EWU,north,5,EWU_N_5,210606,June,EWU_N_5_June21,EWU_N_June21,na,na,na,na,na,na,na,na,na,na,na,na,na,na,na,na,,,1,,,1,,,,,,,,,,,,,,,,,,,,,,,,,,,,,,,,,,,,,,,,,,,,,,,,,,,,,,,,,,,,,,,,,,,,,,,,,,,,,,,,,,,,,,,,,
"KS, SM",1,EWU,south,1,EWU_S_1,210606,June,EWU_S_1_June21,EWU_S_June21,0.048134777,4.592422503,4.643000401,6.13,0.49776008,67.51937709,31.98286283,11.39811923,440,13,13,13,2,3,0,na,,,,,,,,,,,,,,,,,,,,,,,,,,,,,,,1,,,,,,,,,,,,,,,,,,,,,,,,,,,,,,,,,,,,,,,,,,,,,,,,,,,,,,,,,,,,,,,,
"KS, SM",1,EWU,south,2,EWU_S_2,210606,June,EWU_S_2_June21,EWU_S_June21,0.062111157,5.847896124,4.220240564,5.95,0.125,63.04401993,36.83098007,8.747259931,334,24,7,0,1,1,0,na,,,,,,,,,,,,,,,,,,,,,,,,,,,,,,,,,,,,,,,,,,,,,,,,,,,,,,,,,,,,,,,,,,,,3,,,,,,,,,,,,,,,,,,,,,,,,,,,
"KS, SM",1,EWU,south,3,EWU_S_3,210606,June,EWU_S_3_June21,EWU_S_June21,0.076816472,7.133664277,5.474163532,5.75,0.471815247,70.30890116,29.2192836,8.003917149,304,25,5,0,0,0,0,na,,,,,,1,,,,,,,,,,,,,,,,,,,,,,,,,2,,,,,,,,,,,,,,,,,,,,,,,,,,,,,,,,,,,,,1,,,,,,,,,,,,,,,,,,,,,,,,,,,
"KS, SM",1,EWU,south,4,EWU_S_4,210606,June,EWU_S_4_June21,EWU_S_June21,na,na,na,na,na,na,na,na,na,na,na,na,na,na,na,na,,,,,,5,,,,,,,,,,,,,,,,,,,,,,,,,,,,,,,,,,,,,,,,,,,,,,,,,,,,,,,,,,,,,,,,,,,,,,,,,,,,,,,,,,,,,,,,,
"KS, SM",1,EWU,south,5,EWU_S_5,210606,June,EWU_S_5_June21,EWU_S_June21,na,na,na,na,na,na,na,na,na,na,na,na,na,na,na,na,,,,,,1,,,,,,,,,,,,,,,,,,,,,,,,,,,,,,,,,,,,,,,,,,,,,,,,,,,,,,,,,,,,,,,,,,,,,,,,,,,,,,,,,,,,,,,,,
"KS, SM",1,EWU,top,1,EWU_T_1,210606,June,EWU_T_1_June21,EWU_T_June21,0.043161272,4.137545429,5.074365704,5.5,2.621068397,59.73955733,37.63937427,12.78008281,492,4,39,0,6,0,0,na,,,,,,,,,,,,,,,,,,,,,,,,,,,,,,,1,,,,,,,,,,,,,,,,,,,,,,,,,,,,,,,,,,,,,,,,,,,,,,,,,,,,,,,,,,,,,,,,
"KS, SM",1,EWU,top,2,EWU_T_2,210606,June,EWU_T_2_June21,EWU_T_June21,0.026520303,2.583514716,4.64348164,5.53,1.572248565,54.59664337,43.83110806,3.767876608,150,15,9,2,2,2,0,na,,,,,,,,,,,,,,,,,,,,,,,,,,,,,,,1,,,,,,,,,,,,,,,,,,,,,,,,,,,,,,,,,,,,,1,,,,,,,,,,2,,,,,,,,,,,,,,,,,
"KS, SM",1,EWU,top,3,EWU_T_3,210606,June,EWU_T_3_June21,EWU_T_June21,0.095367256,8.706418384,3.178908539,5.83,2.051025513,67.37891239,30.5700621,6.776631934,252,6,17,0,5,2,0,na,,,,,,,,,,,,,,,,,,,,,,,,,,,,,,,1,,,,,,,,,,,,,,,,,,,,,,,,,,,,,,,,,,,,,1,,,,,,,,,,,,,,,,,,,,,,,,,,,
"KS, SM",1,EWU,top,4,EWU_T_4,210606,June,EWU_T_4_June21,EWU_T_June21,na,na,na,na,na,na,na,na,na,na,na,na,na,na,na,na,,,,,,,,,,,,,,,,,,,,,,,,,,,,,,,1,,,,,,,,,,,,,,,,,,,,,,,,,,,,,,,,,,,,,2,,,,,,,,,,,,,,,,,,,,,,,,,,,
"KS, SM",1,EWU,top,5,EWU_T_5,210606,June,EWU_T_5_June21,EWU_T_June21,na,na,na,na,na,na,na,na,na,na,na,na,na,na,na,na,,,,,,,,,,,,,,,,,,,,,,,,,,,,,,,2,,,,,,,,,,,,,,,,,,,,,,,,,,,,,,,,,,,,,,,,,,,,,,,,,,,,,,,,,,,,,,,,
"KS, SM",1,EWU,west,2,EWU_W_2,210606,June,EWU_W_2_June21,EWU_W_June21,na,na,na,na,na,na,na,na,na,na,na,na,na,na,na,na,,,4,,,,,,,,,,,,,,,,,,,,,,,,,,,,3,,,,,,,,,,,,,,,,,,,,,,,,,,,,,,,,,,,,,5,,,,,,,,,,,,,,,,,,,,,,,,,,,
"KS, SM",1,EWU,west,3,EWU_W_3,210606,June,EWU_W_3_June21,EWU_W_June21,na,na,na,na,na,na,na,na,na,na,na,na,na,na,na,na,,,,,,,,,,,,,,,,,,,,,,,,,,,,,,,,,,,,,,,,,,,,,,,,,,,,,,,,,,,,,,,,,,,,2,,,,,,,,,,,,,,,,,,,,,,,,,,,
"KS, SM",1,EWU,west,5,EWU_W_5,210606,June,EWU_W_5_June21,EWU_W_June21,na,na,na,na,na,na,na,na,na,na,na,na,na,na,na,na,,,,,,,,,,,,,,,,,,,,,,,,,,,,,,,,,,,,,,,,,,,,,,,,,,,,,,,,,,,,,,,,,,,,2,,,,,,,,,,,,,,,,,,,,,,,,,,,
"KS, SM",1,SB,bottom,1,SB_B_1,210610,June,SB_B_1_June21,SB_B_June21,na,na,na,na,na,na,na,na,na,na,na,na,na,na,na,na,,,,25,,,,,,10,,,,,,,,,,,,,,,,1,,,,,,25,,,,,,,,,,,,,,,,,,,,3,,,,,,,,,,,,,,,,,7,,,,,,2,,,,,,,,10,,,,,,,,,,,,
"KS, SM",1,SB,bottom,2,SB_B_2,210610,June,SB_B_2_June21,SB_B_June21,0.088747162,8.151310564,8.723381256,6.83,6.886227545,64.98152631,28.13224615,34.28913659,1278,32,21,55,13,6,0,na,,,,15,,,,,,2,,,,,,5,,,,,,,,,,,,,,,,,2,,,,,,10,,2,,,,,,30,,5,,,,,,,,,,1,,,,,,,,,,3,,,,,,3,,,,,,2,,5,,,,,,,,,,,,
"KS, SM",1,SB,bottom,3,SB_B_3,210610,June,SB_B_3_June21,SB_B_June21,0.055076118,5.220108446,10.35586153,6.75,6.56988189,74.68362192,18.74649619,13.25854357,506,21,15,0,7,7,0,na,1,,,15,,,,,,5,,,1,,,15,,,,,,,,,,,,,,,,,1,,,,,,15,10,,,,,,,10,,15,,,,,,,,,,,,,,,,,,,,1,,,,,,1,,,,,,1,,3,,,,,,,,,,,,
"KS, SM",1,SB,bottom,4,SB_B_4,210610,June,SB_B_4_June21,SB_B_June21,na,na,na,na,na,na,na,na,na,na,na,na,na,na,na,na,,,,10,,,,,,15,,,,,,,,,,,,,,,,,,,,,,,,,,,,,,,,,,,,,,,20,,,,,,,,,,,,,,,,,,,,,,5,1,,,,,,,,2,,,20,,,,,,,,,,,,
"KS, SM",1,SB,bottom,5,SB_B_5,210610,June,SB_B_5_June21,SB_B_June21,0.070996664,6.629027548,8.92410342,6.81,7.475703962,72.45468771,20.06960833,14.10084628,528,17,13,10,4,9,0,na,,,,15,,,,,,20,,,3,,,,,,,,,,,,,,,,,,,,2,,,,,,10,5,,,,,,,,,,,,,,,,,,,,,,,,,,,,,,,,5,,,5,,,,,,,,15,,,,,,,,,,,,
"KS, SM",1,SB,east,1,SB_E_1,210610,June,SB_E_1_June21,SB_E_June21,na,na,na,na,na,na,na,na,na,na,na,na,na,na,na,na,,,,10,,,60,,,,,,,,,,,,,,,,,,,,,,,,,,10,,,,,,,,,2,,,,,,,5,,,5,,,,,,,,,,,,,,,,,,,,2,,,,,,,,,,,3,,,,,,,,,,,,
"KS, SM",1,SB,east,2,SB_E_2,210610,June,SB_E_2_June21,SB_E_June21,na,na,na,na,na,na,na,na,na,na,na,na,na,na,na,na,,,,15,,,5,3,,2,,,,,,,,,,,,1,,,,,1,,,,,,,,,,,,,,,15,,,,,,,15,,,1,,,,,,,,,,,,,,,,,,,,5,,,,,,,,,,,5,,,,,,,,,,,,
"KS, SM",1,SB,east,3,SB_E_3,210610,June,SB_E_3_June21,SB_E_June21,na,na,na,na,na,na,na,na,na,na,na,na,na,na,na,na,,,,15,,,7,,,7,,,,,,,,,,,,1,,,,,,,,,,,,,,,,,,,,,,,,,,,5,,,,,,,,3,,1,,,,,,,,,,,,,,,,10,,,,,1,,,10,,,,,,,,,,,,
"KS, SM",1,SB,east,4,SB_E_4,210610,June,SB_E_4_June21,SB_E_June21,na,na,na,na,na,na,na,na,na,na,na,na,na,na,na,na,,,,,,,,1,,,,,,,,2,,,,,,,,,,,,,,5,,5,10,,,,,,,,,,,,,,2,,2,,,10,,,,,,,,,,,,,,,,,,,,,,,,,,,,,,,15,,,,,,,,,2,,,
"KS, SM",1,SB,east,5,SB_E_5,210610,June,SB_E_5_June21,SB_E_June21,na,na,na,na,na,na,na,na,na,na,na,na,na,na,na,na,3,,,,,,2,7,,,,,,,,,,,,,,,,,,,1,,,10,,,5,,,,,,,10,,,,,,,,,7,,,3,,,,,,,,,,,,,,,,,,,,,,,,,,,,,,,,,,,,,,,,,,,
"KS, SM",1,SB,north,1,SB_N_1,210610,June,SB_N_1_June21,SB_N_June21,na,na,na,na,na,na,na,na,na,na,na,na,na,na,na,na,,,,2,,,,,3,10,,,,1,,,,,,,,,,,,,,1,,,,,20,,,,,,2,,,,,,,,,,,,,,,,,,,,,,,,,,,,,,5,,,10,,,,,,,,5,2,,10,,,1,,,,,,,,,
"KS, SM",1,SB,north,2,SB_N_2,210610,June,SB_N_2_June21,SB_N_June21,na,na,na,na,na,na,na,na,na,na,na,na,na,na,na,na,,,,5,,,,,,,,,,,,,40,10,,,,,,,,,,,,,,,,,,,2,,10,10,,,,,,,,,,,,,,,,,,,,,,,,,,,,,5,,,,,,5,,15,,,5,2,,3,,,,,,,,,,,,
"KS, SM",1,SB,north,3,SB_N_3,210610,June,SB_N_3_June21,SB_N_June21,0.147595357,12.86127168,12.13930348,6.95,5.655655656,72.44872859,21.89561575,21.20149776,742,18,25,18,5,9,0,na,,,,5,,,,2,5,,,,,,,,10,,,,,,,,,,,1,,,,,,,,,1,,5,,10,,,,,,,,,,,2,,,,,,,,,,,,,,,,,10,,,,,,,,40,,,,,,,,,,,,,,,,,,
"KS, SM",1,SB,north,4,SB_N_4,210610,June,SB_N_4_June21,SB_N_June21,0.066191126,6.208185754,9.797545369,7.01,6.589906908,73.63715368,19.77293941,13.33302181,503,10,18,6,11,5,0,na,1,,,,,,,,,,,,,,,,30,,,,,,,,,,,,,,,,,,,,5,,,,5,,,,,,,,,,,,,,,,,,,,,,,,,,,,10,,,,,,,,30,,,5,,,5,,,,,,,,,,,,
"KS, SM",1,SB,north,5,SB_N_5,210610,June,SB_N_5_June21,SB_N_June21,0.100021191,9.092660374,8.508158508,6.76,6.666666667,70.64615385,22.68717949,38.32136799,1394,39,39,43,10,8,0,na,,,,,,,,,10,1,,,,,1,,10,,,,,,,,,,,,,,,,,,,,,5,,5,10,,,,,,,,,5,,2,,,,,,,,,,,,,,,,,5,,,,,,,,,,,1,,,,,,,,,,,,,,,5
"KS, SM",1,SB,south,1,SB_S_1,210610,June,SB_S_1_June21,SB_S_June21,na,na,na,na,na,na,na,na,na,na,na,na,na,na,na,na,,,,20,,,,,,10,,,,,,,,,,,,,,,,,,,,,,,,,,,,,,,5,,,,,,,,,,,,,,,,,,,,,,,,,,,,2,,,,,,,,,,,5,,,10,,,,,,,,,,,,
"KS, SM",1,SB,south,2,SB_S_2,210610,June,SB_S_2_June21,SB_S_June21,0.065568862,6.15341388,6.29740519,7.07,5.746268657,73.30845771,20.94527363,11.61166248,438,23,7,5,6,3,0,na,,,,15,,,,,,5,,,,,,,,,,,,,,,,,,,,,,,,,,,,,,,30,,,,,,,,,,,,,,,,,,,,,,,,,,,,,,,,,,,,,,,2,,,10,,,,,,,,,,,,
"KS, SM",1,SB,south,3,SB_S_3,210610,June,SB_S_3_June21,SB_S_June21,0.028614762,2.781873587,5.854398382,7.16,6.185825194,68.4291628,25.38501201,9.286052491,365,13,7,9,2,4,2,na,,,,15,,,,5,,1,,,,,,,,,,,,,,,,,,,,1,,,20,,,,,,,,,,,,,,2,,,3,,5,,,,,,,1,,,,,,,,,,,,,,,,,,,,,,,,,,,,,,,,,1,,,
"KS, SM",1,SB,south,4,SB_S_4,210610,June,SB_S_4_June21,SB_S_June21,0.039869813,3.834115806,5.980471928,7.01,5.227948464,75.3724034,19.39964813,14.44513076,563,12,18,21,2,3,0,na,,,,5,,,,,,5,,,,,,,,,,,,,,,,,,,,,,,,,,,,5,,,,,,,,,,,,,,5,,,,,,,,,,,,,,,,,,,,,,,,,,,,,,,25,,,,,,,,,,,,
"KS, SM",1,SB,south,5,SB_S_5,210610,June,SB_S_5_June21,SB_S_June21,na,na,na,na,na,na,na,na,na,na,na,na,na,na,na,na,,,,20,,,,5,,1,,,,,,,,,,,,,,,,,,,,,,,,,,,,,,,10,,,,,,,,,,,,,,,,,,,,,,,,,,,,7,,,10,,,,,,,,,,,5,,,,,,,,,,,,
"KS, SM",1,SB,top,1,SB_T_1,210610,June,SB_T_1_June21,SB_T_June21,na,na,na,na,na,na,na,na,na,na,na,na,na,na,na,na,,,,,,,,,2,5,,,1,,,,,,,,,,,,,,,,,,,5,,,,,,,,,15,,,,,,,,,,,25,,,,,,,,,,,,,,,,,15,,,,,,10,,,,,5,,,,,,,,,,,,,,,
"KS, SM",1,SB,top,2,SB_T_2,210610,June,SB_T_2_June21,SB_T_June21,0.034056922,3.293524911,5.528219971,6.92,4.184204011,63.09820711,32.71758887,5.250580068,205,10,13,3,1,3,0,na,,,,,,,5,,,,,,,,,,,,,,,,,,,,,,,25,,,,,,,,10,,,,,,,,,,,,,,,,,,,,,,,,,,,,,,,1,,,,,,,,,,,,,,2,,,,,,,,,,,,
"KS, SM",1,SB,top,3,SB_T_3,210610,June,SB_T_3_June21,SB_T_June21,0.06733609,6.308799115,7.786965938,6.97,6.052371542,72.78536403,21.16226443,14.95980975,565,10,14,17,3,10,3,na,5,,,5,,,,,2,,,,,,,,,,,,,,,,,,,,,,,,2,,2,,,,2,30,5,,,2,,,10,,10,,,5,,,,,,,,,,,,,,,,,,,,,,,5,,,,,,,,,,,,,,,,,,,,
"KS, SM",1,SB,top,4,SB_T_4,210610,June,SB_T_4_June21,SB_T_June21,0.091373802,8.37236534,8.647497338,6.65,9.140722291,65.99575915,24.86351856,17.11787876,628,25,9,14,8,7,0,na,,,,,,,,,1,5,,,,,,,,,,,,1,,,,,,,,,,,,,10,,,,2,10,,,,,,,,,,,,5,,,,,,,2,,,,,,,,,,5,,,,,,,,,,,,,,10,,,,,,,,,1,,,
"KS, SM",1,SB,top,5,SB_T_5,210610,June,SB_T_5_June21,SB_T_June21,na,na,na,na,na,na,na,na,na,na,na,na,na,na,na,na,3,,,5,,,,,,15,,,1,,,,,,,,,2,,,,1,,,,,1,,3,,,,,,,,2,,,,,,,,,,,,,,,,1,,,,,,,,,,,,17,,,,,,,,,,,,,,7,,,,,,,,,,,,
"KS, SM",1,KB,east,1,KB_E_1,210613,June,KB_E_1_June21,KB_E_June21,na,na,na,na,na,na,na,na,na,na,na,na,na,na,na,na,,,,,,,,,,10,,,1,,,,,,,,,,,,,,,1,,,,,10,,,,,,,,,,,,,,,,,,,,,,,,,,,,,,,,,,,,5,,,5,,,,,,,,,,,10,,,,,,,,,,,2,
"KS, SM",1,KB,east,2,KB_E_2,210613,June,KB_E_2_June21,KB_E_June21,na,na,na,na,na,na,na,na,na,na,na,na,na,na,na,na,,15,,,,,10,,,5,,,,,,,,,,,,,,,,,,,,,1,,,,,,,,,,,,,,,,,,5,,,,,1,,,,,,,,,,,,,,,,,,5,,,,,,,,,,,7,,,,,,,,,,,5,
"KS, SM",1,KB,east,3,KB_E_3,210613,June,KB_E_3_June21,KB_E_June21,na,na,na,na,na,na,na,na,na,na,na,na,na,na,na,na,7,,,,,,45,,,11,,,,,,,,,,,,,,,,,1,,,,1,,,,,,,,,,,,,,,,,,,,,,,1,,,,,,,,,,,,,1,,15,,,2,,,,,,,,,,,,,,,,,,,,1,,,
"KS, SM",1,KB,east,4,KB_E_4,210613,June,KB_E_4_June21,KB_E_June21,na,na,na,na,na,na,na,na,na,na,na,na,na,na,na,na,,,,,,,,,,10,,,,,,,,,,,,1,,,2,,,,,,1,,10,,,,,,,,,,,,,,,,,,,,,2,,1,,,,,,,,,,,,,3,,,5,,,,,,,,10,,,,,,,,,,,,,,,
"KS, SM",1,KB,east,5,KB_E_5,210613,June,KB_E_5_June21,KB_E_June21,na,na,na,na,na,na,na,na,na,na,na,na,na,na,na,na,,,,,,,,,,10,,,1,,,,,,,,,2,,,,,1,,,,2,,,,,,,,,,,,,,,,,,,,,,,25,,,,,,,,,,,,,,,,,,,,,,,,,,2,,,,,,,,,,,,1,,,
"KS, SM",1,KB,north,1,KB_N_1,210613,June,KB_N_1_June21,KB_N_June21,na,na,na,na,na,na,na,na,na,na,na,na,na,na,na,na,,,,,,,,,,,,,,,,,5,,,50,,,5,,,,,,,,,,,,,3,,,,,,,,,,,,,,,,,,,,,,10,,,,,3,,,,,,,,,,,,,,,,,,,,,3,,,,,,,,,,,
"KS, SM",1,KB,north,2,KB_N_2,210613,June,KB_N_2_June21,KB_N_June21,na,na,na,na,na,na,na,na,na,na,na,na,na,na,na,na,,,,,,,,,,,,,,,,,5,,,30,,,3,,,,,,,,,,,,,,,,,,,,,,,,,,,,,,,,,,,40,,,,,,,20,,,,,,,,,,,,,,,,,,,,,,,,,,,,,,
"KS, SM",1,KB,north,3,KB_N_3,210613,June,KB_N_3_June21,KB_N_June21,0.259751662,20.61927519,13.92198671,6.23,15.6853043,70.16397754,14.15071816,9.426122507,304,11,5,4,3,6,1,na,,,,,,,,,,,,,,,,,,,,50,,,3,,,,,,,,,,,,,3,,,,,,,,,,,,,,,,,,,,,,10,,,,,,,,,,,,,,,,,,,,,,,,,,5,,,,,,,,,,,
"KS, SM",1,KB,north,4,KB_N_4,210613,June,KB_N_4_June21,KB_N_June21,0.19907781,16.60257643,9.314121037,6.09,11.08060893,71.36205907,17.55733199,7.173305607,240,8,5,3,3,10,1,na,,,,,,,,,,,,,,,,,5,,,50,,,5,,,,,,,,,,,,,5,,,,,,,,,,,,,,,,,,,,,,10,,,,,,,,,,,,,,,,,,,,,,,,,,10,,,,,,,,,,,
"KS, SM",1,KB,north,5,KB_N_5,210613,June,KB_N_5_June21,KB_N_June21,0.355597484,26.23178992,15.35849057,6.26,13.22725012,69.81715507,16.9555948,9.141370183,270,21,3,0,1,3,2,na,,,,,,,,,,,,,,,,,1,,,40,,,5,,,,,,,,,,,,,10,,,,,,,,,,,,,,,,,,,,,,20,,,,,5,,,,,,,,,,,,,,,,,,,,,10,,,,,,,,,5,,
"KS, SM",1,KB,south,1,KB_S_1,210613,June,KB_S_1_June21,KB_S_June21,0.027875587,2.711961176,4.616588419,6.74,18.32136667,65.34290666,16.33572667,12.11581655,480,7,28,1,3,8,1,na,3,,,,,,,,,3,,,,,,,,,,,,,,,,1,,,,,1,,10,,,,,,,,,,,,,,,,3,,,,,,,,,,1,,,,,,,,,,,,,5,,,,,,,,2,,,3,,,,,,,,,1,,3,
"KS, SM",1,KB,south,2,KB_S_2,210613,June,KB_S_2_June21,KB_S_June21,0.060145212,5.673299398,5.376766091,6.93,15.02242152,64.38829735,20.58928113,18.03236666,685,39,18,6,4,2,0,na,,,,,,,40,,,5,,,1,,,,,,,,,,,,,,,,,,,,,,,,,,,,,,,,,,,,2,,,3,,,1,,,,1,,,,,,,,,,,,,5,,,,,,,,,,,2,,,,,,,,,1,,5,
"KS, SM",1,KB,south,3,KB_S_3,210613,June,KB_S_3_June21,KB_S_June21,na,na,na,na,na,na,na,na,na,na,na,na,na,na,na,na,4,,,,,,10,,,5,,,2,,,,,,,,,,,,,2,,,,,1,,10,,,,,,,,,,,,,,5,,2,,,,,,1,,,,2,,,,,,,,,,,,,,,,5,,,,,,,,2,,,,,,,,,,,2,
"KS, SM",1,KB,south,4,KB_S_4,210613,June,KB_S_4_June21,KB_S_June21,0.040346101,3.87814223,6.202605483,6.76,13.95406273,67.18655376,18.85938351,11.28076761,435,9,6,16,5,7,1,na,,,,,,,,,,2,,,1,,,,,,,,,,,,,,,,,,2,,5,,,1,,,,,,,,,,,3,,,,,5,,,1,,,,,,,,,,,,,,,,,7,,,3,,,,,2,,,3,,,,,,,,,10,,10,
"KS, SM",1,KB,south,5,KB_S_5,210613,June,KB_S_5_June21,KB_S_June21,na,na,na,na,na,na,na,na,na,na,na,na,na,na,na,na,2,,,,,,15,,,2,,,,,,,,,,,,,,,,,,,,,,,5,,,,,,,,,,,,,,,,,,,10,,,1,,,,,,,,,,,,,,,,,5,,,,,,,,,,,15,,,,,,,,,,,3,
"KS, SM",1,KB,top,1,KB_T_1,210613,June,KB_T_1_June21,KB_T_June21,0.02897987,2.816368963,3.345327239,6.6,13.44455348,66.42627291,20.12917361,5.661021289,222,4,12,6,6,1,1,na,10,,,,,,,,,1,,,,,,,,,,,,,,,1,,,,,,1,,15,,,,,,,,,,,,,,,,,,5,,,,2,,,,,,,1,,,,,,,,,,10,,,,,,,,,,,,,,,,,,,,5,,,
"KS, SM",1,KB,top,2,KB_T_2,210613,June,KB_T_2_June21,KB_T_June21,0.035089425,3.38998967,3.285381026,6.71,14.00399401,66.88578244,19.11022355,13.2332954,517,14,18,7,5,8,0,na,,,,,,,,,,4,,,,,,,,,,,,,,,,,1,,,,1,,5,,,,,,,,,,,,,,,,2,,,2,,,,,,,2,,,,,,,,,,,,,15,,,,,,,,,,,25,,,,,,,,,1,,3,
"KS, SM",1,KB,top,3,KB_T_3,210613,June,KB_T_3_June21,KB_T_June21,0.032943044,3.189241114,5.953562215,6.46,19.63537817,53.87079046,26.49383137,7.920135406,312,11,5,6,3,6,0,na,25,,,,,,,,,3,,,,,,,,,,,,,,,,,,,,,1,,10,,,,,,,,,,,,,,,,,,3,3,,,1,,,,,,,,,,,,,,,,,5,,,,,,,,,,,,,,,,,,,,1,,,
"KS, SM",1,KB,top,4,KB_T_4,210613,June,KB_T_4_June21,KB_T_June21,na,na,na,na,na,na,na,na,na,na,na,na,na,na,na,na,10,,,,,,,,,2,,,,,,,,,,,,,,,2,,1,,,,,,,,,,,,,,,,,,,,,,,,3,,,,3,,,,1,,,,,,,,,,,,,3,,,,,,,,,,,,,,,,,,,,1,,,
"KS, SM",1,KB,top,5,KB_T_5,210613,June,KB_T_5_June21,KB_T_June21,na,na,na,na,na,na,na,na,na,na,na,na,na,na,na,na,,,,,,,,,,5,,,,,,,,,,,,,,,,,1,1,,,,,10,,,,,,,,,,,,,,,,,,2,,,,,,,,,,,,,,5,,,,,,,10,,,,,,,,,,,,,,,,,,,,,,,
"KS, SM",1,KB,west,1,KB_W_1,210613,June,KB_W_1_June21,KB_W_June21,na,na,na,na,na,na,na,na,na,na,na,na,na,na,na,na,,,,20,,,2,,,3,,,,,,,,,,,,,,,,,,,,,,,,,,,,,,,,,,,,,,,,,,,,,,,,,,,,,,,,,,,,,,,,,,,,,,,,,,,,,,,,,,,,,
"KS, SM",1,KB,west,2,KB_W_2,210613,June,KB_W_2_June21,KB_W_June21,na,na,na,na,na,na,na,na,na,na,na,na,na,na,na,na,3,,,5,,,,,,,,,,,,,,,,,,,,,,,,,,,,,,,,,,,,,,,,,,,,,5,,,,,,,,,,,,,,,,,,,,,,,,,,,,,,,,,,15,,,,,,,,,,,,
"KS, SM",1,KB,west,3,KB_W_3,210613,June,KB_W_3_June21,KB_W_June21,na,na,na,na,na,na,na,na,na,na,na,na,na,na,na,na,,3,,,,,,,,5,,,,,,,,,,,,1,,,1,,5,,,,1,,20,,,,,,,,,1,,,,,,,,,,,,,,,,,,,,,,,,,,,,,,5,,,,,,,,5,,,,,,,,,,,,5,,,
"KS, SM",1,KB,west,4,KB_W_4,210613,June,KB_W_4_June21,KB_W_June21,na,na,na,na,na,na,na,na,na,na,na,na,na,na,na,na,,,,,,,,,,2,,,,,,,,,,,,1,,,1,,1,,,,1,,,,,2,,,,,,30,,,,,,,,,,10,,,,,,,,,,,,,,,,,,,,,,,,,,,,,,,3,,,,,,,,,5,,3,
"KS, SM",1,KB,west,5,KB_W_5,210613,June,KB_W_5_June21,KB_W_June21,na,na,na,na,na,na,na,na,na,na,na,na,na,na,na,na,,,,,,,,,,5,,,,,,,,,,,,,,,,2,,,,,1,,,,,1,,,,,,40,,,,,,,,,,,,,,,,,3,,,,,,,,,,,,,,,,3,,,,,,,,3,,,,,,,,,5,,,
"KS, CB",2,ML,bottom,1,ML_B_1,210708,July,ML_B_1_July21,ML_B_July21,na,na,na,na,na,na,na,na,na,na,na,na,na,na,na,4,2,,,,,,,,,,,,,,,,,,,,,,,,,,,,,,,,,,,,,,,5,,,,,,,,,,,,,20,,,,,,1,,,,,,,,,,20,,,,,,,,,,,,,,,,,,,,,,,,,,
"KS, CB",2,ML,bottom,2,ML_B_2,210708,July,ML_B_2_July21,ML_B_July21,na,na,na,na,na,na,na,na,na,na,na,na,na,na,na,3,,,,,,,,,,,,,,,,,,,,,,,,,,,,,,,2,,,,,,,,,,,,,,2,,,,,,,,3,,,,,,,,,,,,,,,,10,,,,,,,,,,,,,,,,,,,,,,,,,,
"KS, CB",2,ML,bottom,3,ML_B_3,210708,July,ML_B_3_July21,ML_B_July21,0.078586878,7.286096257,14.666804,6.98,12.06467662,64.1296281,23.80569528,18.26628362,688,32,13,4,7,12,0,3,10,,,,,,,,,,,,,,,,,,,,,,,,,,,,,,,,,,,,,,,,,,,,7,,5,,,,,,20,,,,,,,,,,,,,,,,5,,,,,,,,,,,,,,,,,,,,,,,,,,
"KS, CB",2,ML,bottom,4,ML_B_4,210708,July,ML_B_4_July21,ML_B_July21,0.070662265,6.599865112,9.088095729,6.95,35.00749625,42.05397301,22.93853073,21.12136712,796,32,17,9,2,20,0,3,,,,,,,,,,1,,,,,,,,,,,,,,,,,,,,,,,,,,,,,,,,,,,3,2,5,,,,,,15,,,,,,2,,,,,,,,,,5,,,,,,,,,,5,,,,,,,,,,,,,,,,
"KS, CB",2,ML,bottom,5,ML_B_5,210708,July,ML_B_5_July21,ML_B_July21,0.06938992,6.488738962,11.03448276,6.01,13.71913195,59.79862142,26.48224663,15.94810284,607,18,23,5,8,7,0,5,7,,,,,,,1,,1,,,,,,,,,,,5,,,,,,,,,,,,2,,,,,,40,,,,,,1,1,,,,,,,,,,,,,,,,,,,,,,,,,,,,,,,,,,,,,,,,,,,,,,,,,
"KS, CB",2,ML,east,1,ML_E_1,210708,July,ML_E_1_July21,ML_E_July21,na,na,na,na,na,na,na,na,na,na,na,na,na,na,na,4,,,,7,,,,,,,,,,,,,,,,,,,,,,,,,,,,,,,,,,,,,,,,,,5,7,,,,,,,3,,,,,,,,,,,,,,,,,,2,,,,,,,,,,,,,,,,,,,,,,,
"KS, CB",2,ML,east,2,ML_E_2,210708,July,ML_E_2_July21,ML_E_July21,na,na,na,na,na,na,na,na,na,na,na,na,na,na,na,1,,,,10,,,,7,,,,,,,,,,,,,,,,,,,,,,,,,7,,,,,,25,,,,,,,5,10,,,,,,,,,,,,1,,,,,,,,,,,,,,,,,,,,,,,,,,,,,,,,1,,,,
"KS, CB",2,ML,east,3,ML_E_3,210708,July,ML_E_3_July21,ML_E_July21,na,na,na,na,na,na,na,na,na,na,na,na,na,na,na,1,2,,,,,,10,2,,,,,,,,,,,,,,,,,,,,,,,,,10,,,,,,,,,,,,,,,,,,,,5,,,,,,,,,,,,,,,,,,,3,,,,,,,,,,,,,,,,,,,,,,,
"KS, CB",2,ML,east,4,ML_E_4,210708,July,ML_E_4_July21,ML_E_July21,na,na,na,na,na,na,na,na,na,na,na,na,na,na,na,1,,,,7,,,,5,,,,,,,,,,,,,,,,,,,,,,,,10,,,,,,,20,,,,,,,3,,,,,,,,,,,,,,,,,,,,,,,,,,,,,,,,,1,,,,,,,,,,,,,,,,
"KS, CB",2,ML,east,5,ML_E_5,210708,July,ML_E_5_July21,ML_E_July21,na,na,na,na,na,na,na,na,na,na,na,na,na,na,na,1,,,,10,,,,,,,,,,,,,,,,,,,,,2,,,,,,,,,,,,,,,,,,,,,3,,,,,,,,2,,,,,,,,,,,,,,,,,,,,,,,,,,,,,,,,,,,,,2,,,,
"KS, CB",2,ML,north,1,ML_N_1,210708,July,ML_N_1_July21,ML_N_July21,0.121945752,10.86913087,28.89486662,6.06,10.70535268,58.10560783,31.1890395,13.65609505,490,20,9,7,9,19,3,3,2,,,3,,,,,,,,,,,,,,,,,,,,,,,,,,,,,,,,,,,,15,,,,,,,,,,,,,,,,,,,,,,,,,,,,,,,,5,,,,,,,,,,,,,,,,,,,,,,,
"KS, CB",2,ML,north,2,ML_N_2,210708,July,ML_N_2_July21,ML_N_July21,0.082650862,7.634119638,16.00215517,6.51,12.91358025,68.19030981,18.89610995,3.138896069,117,8,5,3,3,10,1,3,,,,,,,,,,,,,,,,,5,,,,,,,,,,,,,,,,,,,,,,,,,,,,,,5,,,,,,,,,,,,,,,,,,,,,,3,,,3,,,,,,,,,,,5,,,,,,,,,,,,
"KS, CB",2,ML,north,3,ML_N_3,210708,July,ML_N_3_July21,ML_N_July21,na,na,na,na,na,na,na,na,na,na,na,na,na,na,na,2,,,,,,,,,,,,,,,,,,,,,,,,,,,,,,,,,,,,,,,,15,,,,,,,,,,,,,,,,,,,1,,,,,,,,,,,,,40,,,,,,,,,,,,,,,,,,,,,,,
"KS, CB",2,ML,north,4,ML_N_4,210708,July,ML_N_4_July21,ML_N_July21,na,na,na,na,na,na,na,na,na,na,na,na,na,na,na,2,,,,,,,,,,,,,,,,,10,,,,,,,,,,,,,,,,,,,,,,,,,,,,,,15,,,,,,,,,,,,,,,,,,,,,,5,,,,,,,,,,,,,,5,,,,,,,,,,,,
"KS, CB",2,ML,north,5,ML_N_5,210708,July,ML_N_5_July21,ML_N_July21,0.031809946,3.082926829,12.26092209,6.65,15.16352825,58.32507433,26.51139742,22.68677391,880,26,33,11,15,3,0,2,,,,,,,,,,,,,,,,,,,,,,,,,,,,,,,,,,2,,,,,,,,,5,,,,10,,,,,,,,,,,,,,,,,,,,,,,3,,10,,,,3,,,,,,,,,,,,,,,,,,,
"KS, CB",2,ML,south,1,ML_S_1,210708,July,ML_S_1_July21,ML_S_July21,0.018972026,1.861878978,7.162907753,6.32,11.88949186,55.69679789,32.41371025,7.687131797,306,4,9,6,2,10,0,2,,,,10,,,15,5,,,,,,,,,,,,,,,,,,,,,,,,,10,,,,,,,,,,,,,,,,,,,,5,,,,,,,,,,,,,,,,,,,2,,,,,,,,,,,,,,,,,,,,,,,
"KS, CB",2,ML,south,2,ML_S_2,210708,July,ML_S_2_July21,ML_S_July21,na,na,na,na,na,na,na,na,na,na,na,na,na,na,na,2,,,,,,,,2,,,,,,,,,,,,,,,,,,,,,,,,,5,,,,,,,,,,,,,,5,,,,,,15,,,,,,,,,,,,,,,,,,,10,,,,,,,,,,,,,,,,,,,,,,,
"KS, CB",2,ML,south,3,ML_S_3,210708,July,ML_S_3_July21,ML_S_July21,0.016390125,1.612582122,5.15985431,6.55,8.68921254,67.19841501,24.11237245,13.05135908,525,14,12,12,6,8,1,1,10,,,,5,,,2,,,,,,,,,,,,,,,,,,,,,,,,,25,,,,,,,,,,,,,,,,,,,,2,,,,,,,,,,,,,,,,,,,5,,,,,,,,,,,,,,,,,,,,,,,
"KS, CB",2,ML,south,4,ML_S_4,210708,July,ML_S_4_July21,ML_S_July21,0.012311244,1.216152019,6.069058382,7.71,9.032891507,74.55735559,16.4097529,10.94472323,434,11,18,4,4,6,0,1,,,,7,,,2,3,,,,,,,,,,,,,,,,,,,,,,,,,10,,,,,,,,,,,,,,,,,,,,10,,,,,,1,,,,,,,,,,,,,3,,,,,,,,,,,,,,,,,,,,,,,
"KS, CB",2,ML,south,5,ML_S_5,210708,July,ML_S_5_July21,ML_S_July21,na,na,na,na,na,na,na,na,na,na,na,na,na,na,na,1,2,,,5,,,,2,,,,,,,,,,,,,,,,,,,,,,,,,7,,,,,,,,,,,,,,,,,,,,10,,,,,,,,,,,,,,,,,,,10,,,,,,,,,,,,,,,,,,,,,,,
"KS, CB",2,ML,top,1,ML_T_1,210708,July,ML_T_1_July21,ML_T_July21,na,na,na,na,na,na,na,na,na,na,na,na,na,na,na,2,,,,,,,,,,,,,,,,,,,,,,,,,,,,,,,,5,,,,,,,,,,,,,,7,,,,,,,5,1,,,,,,,,,,,,,,,,,,,,,,,,,,,,,,,,,,,,,1,,,,
"KS, CB",2,ML,top,2,ML_T_2,210708,July,ML_T_2_July21,ML_T_July21,na,na,na,na,na,na,na,na,na,na,na,na,na,na,na,2,,,,,,,,,,,,,,,,,,,,,,,,,,,,,,,3,,,,,,,,,,,,,,,15,,,,,,,,,,,,,,,,,,,,,,,,,,,,,,,,,5,,,,,,,,,,,,2,,,,
"KS, CB",2,ML,top,3,ML_T_3,210708,July,ML_T_3_July21,ML_T_July21,0.011038587,1.091806703,5.394509503,7.16,8.40751731,71.89517458,19.69730811,4.161780726,167,8,5,12,2,3,0,2,,,,,,,,15,,,,,,,,,,,,,,,,,,,,,,,,,,,,,,,,,,,,,,,,,,,,,,,,,,,,,,,,,,2,,,,,,10,,,,,,,,,,,2,,,,,,,,,,,,
"KS, CB",2,ML,top,4,ML_T_4,210708,July,ML_T_4_July21,ML_T_July21,0.026999799,2.628997449,6.397340318,7.65,9.945164506,74.81478641,15.24004908,18.64764334,730,17,24,18,5,9,1,3,,,,,,,,10,,,,,,,,,,,,,,,,,,,,,,,,,,,10,,,,,,,,,,,,,,,,,,,,,,,,,,,,,,,,,,,,,25,,,,,,,,,,,,,,,,,,,,,,,
"KS, CB",2,ML,top,5,ML_T_5,210708,July,ML_T_5_July21,ML_T_July21,0.015777756,1.553268534,5.023715032,6.96,5.928466438,71.82488711,22.24664645,21.0940251,840,36,20,16,6,4,2,2,,,,,,,,5,,,,,,,,,,,,,,,,,,,,,,,,,,,,,,,,,,,,,,1,,,,,,,,,,,,,,,2,,,,,,,,,,,,,,,,,,,,,,,,,,,,,,,,,,
"KS, CB",2,ML,west,1,ML_W_1,210708,July,ML_W_1_July21,ML_W_July21,na,na,na,na,na,na,na,na,na,na,na,na,na,na,na,4,,,,,,,,,,,,,,,,,,,,,,,,,1,,,,,,3,,,,,,,,,,,,,,,2,,,,,,,5,1,,,,,,,,,,,,,,,30,,,,,,,,,,3,,,,,,,,,,,,,,,,
"KS, CB",2,ML,west,2,ML_W_2,210708,July,ML_W_2_July21,ML_W_July21,na,na,na,na,na,na,na,na,na,na,na,na,na,na,na,3,,,,10,,,,,,,,,,,,,,,,,,,,,,,,,,,1,,,,,,,,,,,,,,,5,,,,,,,5,,,,,,,,,,,,,,,,2,,,,,,,,,,,,,,1,,,,,,,,,,,,
"KS, CB",2,ML,west,3,ML_W_3,210708,July,ML_W_3_July21,ML_W_July21,na,na,na,na,na,na,na,na,na,na,na,na,na,na,na,5,,,,,,,,,,,,,,,,,,,,,,,,,,,,,,,1,,,,,,,,,,,,,,,5,7,,,,,,1,,,,,,,,,,,,,,,,,,,,,,,,,,10,,,,,,,,,,,,,,,,
"KS, CB",2,ML,west,4,ML_W_4,210708,July,ML_W_4_July21,ML_W_July21,na,na,na,na,na,na,na,na,na,na,na,na,na,na,na,2,7,,,,,,,,,,,,,,,,5,,,,,,,,,,,,,,,,,,,,,,,,,,,,,,,,,,,,,,,,,,2,,,,,,,,,,5,,,,,10,,,,,,,,,,,,,,,,,,,,,
"KS, CB",2,ML,west,5,ML_W_5,210708,July,ML_W_5_July21,ML_W_July21,na,na,na,na,na,na,na,na,na,na,na,na,na,na,na,3,,,,,,,,,,,,,,,,,30,,,,,,,,,,,,,,,,,,,5,,,,,,,,,,,,,,,,,,,,,,,,,,,,,,,,,,,,,,,,,,,,,,,3,,,,,,,,,,,,
"KS, CB",2,EWU,bottom,1,EWU_B_1,210709,July,EWU_B_1_July21,EWU_B_July21,0.125899656,11.18213822,4.704287055,5.84,8.414971113,64.07597259,27.5090563,17.66534962,630,40,15,5,2,1,0,17,,,,,,7,,,,,,,,,,,,,,,,,,,,,,,,,,,,,,,,,,,,,,,,,,,,,,,,,,,,,,,,,,,,,,,,,,,,,,,,,,,,,,,,,,,,,,,,,
"KS, CB",2,EWU,bottom,2,EWU_B_2,210709,July,EWU_B_2_July21,EWU_B_July21,0.200626608,16.71015843,4.6659953,5.59,9.449015208,61.29131284,29.25967196,14.23146855,475,15,14,14,2,3,0,21,,,,,,5,,,,,,,,,,,,,,,,,,,,,,,,,,,,,,,,,,,,,,,,,,,,,,,,,,,,,,,,,,,,,,,,,,,,,,,,,,,,,,,,,,,,,,,,,
"KS, CB",2,EWU,bottom,3,EWU_B_3,210709,July,EWU_B_3_July21,EWU_B_July21,0.151137827,13.12942932,5.936024045,5.8,3.638175928,68.15063216,28.21119192,10.98931448,385,27,9,0,2,1,0,29,,,,,,15,,,,,,,,,,,,,15,,,,,,,,,,,,5,,,,,,,,,,,,,,,,,,,,,,,,,,,,,,,,,,,,,,,,,,,,,,,,,,,,,,,,,,,,,,,,
"KS, CB",2,EWU,east,1,EWU_E_1,210709,July,EWU_E_1_July21,EWU_E_July21,na,na,na,na,na,na,na,na,na,na,na,na,na,na,na,8,,,,,,3,,,,,,,,,,,,,,,,,,,,,,,,,5,,,,,,,,,,,,,,,,,,,,,,,,,,,,,,,,,,,,,2,,,,,,,,,,,,,,,,,,,,,,,,,,,
"KS, CB",2,EWU,east,2,EWU_E_2,210709,July,EWU_E_2_July21,EWU_E_July21,na,na,na,na,na,na,na,na,na,na,na,na,na,na,na,5,,,,,,,,,,,,,,,,,,,,,,,,,,,,,,,,,,,,,,,,,,,,,,,,,,,,,,,,,,,,,,,,,,,,7,,,,,,,,,,,,,,,,,,,,,,,,,,,
"KS, CB",2,EWU,east,3,EWU_E_3,210709,July,EWU_E_3_July21,EWU_E_July21,na,na,na,na,na,na,na,na,na,na,na,na,na,na,na,5,,,,,,,,,,,,,,,,,,,,,,,,,,,,,,,,,,,,,,,,,,,,,,,,,,,,,,,,,,,,,,,,,,,,3,,,,,,,,,,,,,,,,,,,,,,,,,,,
"KS, CB",2,EWU,east,4,EWU_E_4,210709,July,EWU_E_4_July21,EWU_E_July21,na,na,na,na,na,na,na,na,na,na,na,na,na,na,na,4,,,,,,,,,,,,,,,,,,,,,,,,,,,,,,,3,,,,,,,,,,,,,,,,,,,,,,,,,,,,,,,,,,,,,3,,,,,,,,,,,,,,,,,,,,,,,,,,,
"KS, CB",2,EWU,north,1,EWU_N_1,210709,July,EWU_N_1_July21,EWU_N_July21,0.085453224,7.872584657,1.92088049,6.36,0.173999503,56.48417955,43.34182094,6.682179414,250,11,8,6,3,2,0,28,,,,,,10,,,,,,,,,,,,,,,,,,,,,,,,,3,,,,,,,,,,,,,,,,,,,,,,,,,,,,,,,,,,,,,7,,,,,,,,,,,,,,,,,,,,,,,,,,,
"KS, CB",2,EWU,north,2,EWU_N_2,210709,July,EWU_N_2_July21,EWU_N_July21,0.035759648,3.452504481,1.875915975,5.97,1.123315027,55.59839155,43.27829342,4.382912834,170,8,10,12,0,0,0,11,,,,,,25,,,,,,,,,,,,,,,,,,,,,,,,,,,,,,,,,,,,,,,,,,,,,,,,,,,,,,,,,,,,,,,,,,,,,,,,,,,,,,,,,,,,,,,,,
"KS, CB",2,EWU,north,3,EWU_N_3,210709,July,EWU_N_3_July21,EWU_N_July21,0.109208401,9.845616079,1.357027464,6.56,1.03960396,55.46452875,43.49586729,5.717141977,207,6,6,12,4,2,0,16,,,,,,20,,,,,,,,,,,,,,,,,,,,,,,,,,,,,,,,,,,,,,,,,,,,,,,,,,,,,,,,,,,,,,,,,,,,,,,,,,,,,,,,,,,,,,,,,
"KS, CB",2,EWU,north,4,EWU_N_4,210709,July,EWU_N_4_July21,EWU_N_July21,na,na,na,na,na,na,na,na,na,na,na,na,na,na,na,9,,,,,,15,,,,,,,,,,,,,,,,,,,,,,,,,,,,,,,,,,,,,,,,,,,,,,,,,,,,,,,,,,,,,,,,,,,,,,,,,,,,,,,,,,,,,,,,,
"KS, CB",2,EWU,north,5,EWU_N_5,210709,July,EWU_N_5_July21,EWU_N_July21,na,na,na,na,na,na,na,na,na,na,na,na,na,na,na,4,,,,,,5,,,,,,,,,,,,,,,,,,,,,,,,,,,,,,,,,,,,,,,,,,,,,,,,,,,,,,,,,,,,,,,,,,,,,,,,,,,,,,,,,,,,,,,,,
"KS, CB",2,EWU,south,1,EWU_S_1,210709,July,EWU_S_1_July21,EWU_S_July21,0.017668879,1.736211031,3.397110504,6.13,0.49776008,67.51937709,31.98286283,5.653576402,225,4,16,10,0,0,0,2,,,,,,5,,,,,,,,,,,,,,,,,,,,,,,,,,,,,,,,,,,,,,,,,,,,,,,,,,,,,,,,,,,,,,,,,,,,,,,,,,,,,,,,,,,,,,,,,
"KS, CB",2,EWU,south,2,EWU_S_2,210709,July,EWU_S_2_July21,EWU_S_July21,0.025601391,2.496232102,2.357260168,5.95,0.125,63.04401993,36.83098007,5.636439411,220,16,4,2,6,2,0,1,,,,,,,,,,,,,,,,,,,,,,,,,,,,,,,,,,,,,,,,,,,,,,,,,,,,,,,,,,,,,,,,,,,,2,,,,,,,,,,,,,,,,,,,,,,,,,,,
"KS, CB",2,EWU,south,3,EWU_S_3,210709,July,EWU_S_3_July21,EWU_S_July21,0.076113023,7.072958047,3.2947555,5.75,0.471815247,70.30890116,29.2192836,11.77366546,440,13,13,13,2,3,0,5,,,,,,,,,,,,,,,,,,,,,,,,,,,,,,,5,,,,,,,,,,,,,,,,,,,,,,,,,,,,,,,,,,,,,,,,,,,,,,,,,,,,,,,,,,,,,,,,
"KS, CB",2,EWU,south,4,EWU_S_4,210709,July,EWU_S_4_July21,EWU_S_July21,na,na,na,na,na,na,na,na,na,na,na,na,na,na,na,3,,,,,,5,,,,,,,,,,,,,,,,,,,,,,,,,,,,,,,,,,,,,,,,,,,,,,,,,,,,,,,,,,,,,,,,,,,,,,,,,,,,,,,,,,,,,,,,,
"KS, CB",2,EWU,south,5,EWU_S_5,210709,July,EWU_S_5_July21,EWU_S_July21,na,na,na,na,na,na,na,na,na,na,na,na,na,na,na,4,,,,,,5,,,,,,,,,,,,,,,,,,,,,,,,,,,,,,,,,,,,,,,,,,,,,,,,,,,,,,,,,,,,,,,,,,,,,,,,,,,,,,,,,,,,,,,,,
"KS, CB",2,EWU,top,1,EWU_T_1,210709,July,EWU_T_1_July21,EWU_T_July21,0.053696099,5.095975836,2.997946612,5.5,2.621068397,59.73955733,37.63937427,4.004582564,155,10,16,0,2,2,0,5,,,,,,,,,,,,,,,,,,,,,,,,,,,,,,,5,,,,,,,,,,,,,,,,,,,,,,,,,,,,,,,,,,,,,2,,,,,,,,,,2,,,,,,,,,,,,,,,,,
"KS, CB",2,EWU,top,2,EWU_T_2,210709,July,EWU_T_2_July21,EWU_T_July21,0.020345022,1.993935496,2.11888243,5.53,1.572248565,54.59664337,43.83110806,2.488027174,98,15,9,2,2,2,0,12,,,,,,,,,,,,,,,,,,,,,,,,,,,,,,,3,,,,,,,,,,,,,,,,,,,,,,,,,,,,,,,,,,,,,,,,,,,,,,,15,,,,,,,,,,,,,,,,,
"KS, CB",2,EWU,top,5,EWU_T_5,210709,July,EWU_T_5_July21,EWU_T_July21,na,na,na,na,na,na,na,na,na,na,na,na,na,na,na,4,,,,,,,,,,,,,,,,,,,,,,,,,,,,,,,3,,,,,,,,,,,,,,,,,,,,,,,,,,,,,,,,,,,,,1,,,,,,,,,,,,,,,,,,,,,,,,,,,
"KS, CB",2,EWU,west,1,EWU_W_1,210709,July,EWU_W_1_July21,EWU_W_July21,na,na,na,na,na,na,na,na,na,na,na,na,na,na,na,9,,,,,,5,,,,,,,,,,,,,,,,,,,,,,,,,,,,,,,,,,,,,,,,,,,,,,,,,,,,,,,,,,,,,,,,,,,,,,,,,,,,,,,,,,,,,,,,,
"KS, CB",2,EWU,west,2,EWU_W_2,210709,July,EWU_W_2_July21,EWU_W_July21,na,na,na,na,na,na,na,na,na,na,na,na,na,na,na,2,,,,,,5,,,,,,,,,,,,,,,,,,,,,,,,,5,,,,,,,,,,,,,,,,,,,,,,,,,,,,,,,,,,,,,,,,,,,,,,,,,,,15,,,,,,,,,,,,,
"KS, CB",2,EWU,west,3,EWU_W_3,210709,July,EWU_W_3_July21,EWU_W_July21,na,na,na,na,na,na,na,na,na,na,na,na,na,na,na,10,,,,,,2,,,,,,,,,,,,,,,,,,,,,,,,,,,,,,,,,,,,,,,,,,,,,,,,,,,,,,,,,,,,,,,,,,,,,,,,,,,,,,,,,,,,,,,,,
"KS, CB",2,EWU,west,4,EWU_W_4,210709,July,EWU_W_4_July21,EWU_W_July21,na,na,na,na,na,na,na,na,na,na,na,na,na,na,na,5,,,,,,1,,,,,,,,,,,,,,,,,,,,,,,,,,,,,,,,,,,,,,,,,,,,,,,,,,,,,,,,,,,,,,1,,,,,,,,,,,,,,,,,,,,,,,,,,,
"KS, CB",2,EWU,west,5,EWU_W_5,210709,July,EWU_W_5_July21,EWU_W_July21,na,na,na,na,na,na,na,na,na,na,na,na,na,na,na,2,,,,,,2,,,,,,,,,,,,,,,,,,,,,,,,,3,,,,,,,,,,,,,,,,,,,,,,,,,,,,,,,,,,,,,15,,,,,,,,,,,,,,,,,,,,,,,,,,,
"KS, CB",2,SB,bottom,1,SB_B_1,210710,July,SB_B_1_July21,SB_B_July21,na,na,na,na,na,na,na,na,na,na,na,na,na,na,na,4,,,,20,,,,,,,,,,,,1,,,,,,,,,,,,,,,,,,,,,,,10,,,,,,,,,,,,,,,,,,,,,,,,,,,,,,,,,,,,,,,,,,5,,10,,,,,,,,,,,,
"KS, CB",2,SB,bottom,2,SB_B_2,210710,July,SB_B_2_July21,SB_B_July21,0.06759298,6.331343576,10.08148767,6.83,6.886227545,64.98152631,28.13224615,16.6129393,628,25,9,14,8,7,0,6,,,,10,,,,,,,,,,,,3,,,,,,,,,,,,,,,,,,,,,,,,,,,,1,,,,,,,,5,,,,,,,,,,,,,,,,,10,,,,,,,,,,,,3,,30,,,,,,,1,,,,,
"KS, CB",2,SB,bottom,3,SB_B_3,210710,July,SB_B_3_July21,SB_B_July21,0.047344461,4.520428861,7.921092564,6.75,6.56988189,74.68362192,18.74649619,21.84752116,850,26,32,10,15,2,0,4,2,,,25,,,,,,,,,,,,20,,,,,,,,,,,,,,,,,10,,,,,,15,5,,,,,,,10,,,,,,,,,,,,,,,,,,,,,,,,,,,,5,,,,,,2,,5,,,,,,,,,,,,
"KS, CB",2,SB,bottom,4,SB_B_4,210710,July,SB_B_4_July21,SB_B_July21,na,na,na,na,na,na,na,na,na,na,na,na,na,na,na,6,,,,5,,,,,,,,,,,,5,,,,,,,,,,,,,,,,,,,,,,,10,,,,,,,,,,,,,,,,,,,,,,,,,,,,,,,,,,,,,,,,,,,,50,,,,,,,,,,,,
"KS, CB",2,SB,bottom,5,SB_B_5,210710,July,SB_B_5_July21,SB_B_July21,0.027010864,2.630046584,8.472042261,6.81,7.475703962,72.45468771,20.06960833,9.53974571,375,22,4,7,2,3,0,3,,,,20,,,,,,,,,,,,1,,,,,,,,,,,,,,,,,,,,,,,10,10,,,,,,,,,,,,,,,,,,,,,,,,,,,,,,,,,,,10,,,,,,,,15,,,,,,,,,,,,
"KS, CB",2,SB,east,1,SB_E_1,210710,July,SB_E_1_July21,SB_E_July21,na,na,na,na,na,na,na,na,na,na,na,na,na,na,na,2,3,,,,,,7,3,,,,,,,,,,,,,,,,,,,,,,,7,,,,,,,,,,,,,,,,,,,,,,,,,,,,,,,,,,,,,,7,,,10,,,10,,,,,,,,,,,,,,,,,,,,
"KS, CB",2,SB,east,2,SB_E_2,210710,July,SB_E_2_July21,SB_E_July21,na,na,na,na,na,na,na,na,na,na,na,na,na,na,na,4,,,,,,,,,,,,,,,,,,,,,,,,,,,,,,,,,,,,,,,,,,20,,,,,,,,,,,,,,,,,,,,,,,,,,,,,,5,,,3,,,,,,,,,,,,,,,,,,,,
"KS, CB",2,SB,east,3,SB_E_3,210710,July,SB_E_3_July21,SB_E_July21,na,na,na,na,na,na,na,na,na,na,na,na,na,na,na,2,,,,20,,,15,,,,,,,,,,,,,,,,,,,,,,,,3,,,,,,,,,,,,,,,,,,,,,,,,,10,,,1,,,,,,,,,,3,,,3,,,7,,,,,,,,5,,,,,,,,,,,,
"KS, CB",2,SB,east,4,SB_E_4,210710,July,SB_E_4_July21,SB_E_July21,na,na,na,na,na,na,na,na,na,na,na,na,na,na,na,2,,,,,,,,,,,,,,,,,,,,,,,,,,,,,,15,,5,7,,,,,,,,,,,,,,,,,,,20,,,,,,,,,,,,,,,,,5,,,,,,,,,,,,,,7,,,,,,,,,,,,
"KS, CB",2,SB,east,5,SB_E_5,210710,July,SB_E_5_July21,SB_E_July21,na,na,na,na,na,na,na,na,na,na,na,na,na,na,na,2,2,,,,,,1,7,,,,,,,,,,,,,,,,,,1,,,,15,,,,,,,,,,,,,,,,,,,,,,3,,,,,,,1,,,,,,,,,,,,,,,,1,,,,,,,,,,,,,,,,,,,,
"KS, CB",2,SB,north,1,SB_N_1,210710,July,SB_N_1_July21,SB_N_July21,na,na,na,na,na,na,na,na,na,na,na,na,na,na,na,5,3,,,5,,,,,,,,,,,,,,,,,,,,,,,,,,,,,15,,1,,,,,,5,,,,,,,,,,,,,,,,,,,,,,,,,,,,5,,,5,,,,,15,,,3,,,15,,,,,,,,,,,,
"KS, CB",2,SB,north,2,SB_N_2,210710,July,SB_N_2_July21,SB_N_July21,na,na,na,na,na,na,na,na,na,na,na,na,na,na,na,12,,,,3,,,,,,,,,,,,,30,,,,,,,,,,,,,,,,,,,,3,,15,5,,3,,2,,,,,,,,3,,,,,,,,,,,,,,,,,5,,,,,,10,,,,,,2,,7,,,,,,,,,,,,
"KS, CB",2,SB,north,3,SB_N_3,210710,July,SB_N_3_July21,SB_N_July21,0.021566731,2.111142668,7.707930368,6.95,5.655655656,72.44872859,21.89561575,18.49104175,730,23,20,5,6,17,2,9,,,,,,,,,,,,,,,,,15,,,,,,,,,,,,,,,,,,,,3,,,,3,,,2,,,,,,,3,5,,,,,,,,,,,,,,,,,10,,,,,,3,,25,,,2,,,5,,,,,,,,,,,,3
"KS, CB",2,SB,north,4,SB_N_4,210710,July,SB_N_4_July21,SB_N_July21,0.032313268,3.1301804,9.230924099,7.01,6.589906908,73.63715368,19.77293941,21.40017014,830,42,26,7,3,3,1,9,3,,,,,,,,2,,,,,,,,10,,,,,,,,,,,,,,,,,,,,3,,,,7,,,,,,,,,,,,,,,,,,,,,,,,,,,,15,,,3,,,,,25,,,10,,,7,,,,,5,,,,,,,
"KS, CB",2,SB,north,5,SB_N_5,210710,July,SB_N_5_July21,SB_N_July21,0.057814992,5.465510743,8.373205742,6.76,6.666666667,70.64615385,22.68717949,15.82471073,603,24,8,13,8,7,0,7,,,,,,,,,10,,,,,,,,,,,,,,,,,,,,,,,,5,,5,,,,,5,15,5,,,,,,,,,,7,,,,,,,,,,,,,,,,,7,,,25,,,10,,,,,,,,5,,,,,3,,,,,,,3
"KS, CB",2,SB,south,1,SB_S_1,210710,July,SB_S_1_July21,SB_S_July21,na,na,na,na,na,na,na,na,na,na,na,na,na,na,na,2,,,,15,,,,,,,,,,,,,,,,,,,,,,,,,,,,,,,,,,,,,30,,,,,,,,,,,,,,,,,,,,,,,,,,,,,,,,,,,,,,,,,,10,,,,,,,,,,,,
"KS, CB",2,SB,south,2,SB_S_2,210710,July,SB_S_2_July21,SB_S_July21,0.019407763,1.903827282,5.862344938,7.07,5.746268657,73.30845771,20.94527363,19.89211147,790,24,21,6,7,18,3,1,,,,15,,,,,,,,,,,,,,,,,,,,,,,,,,,,30,,,,,,,,,,,,,,,,,,,,,,,,,,,,,,,,,,,,,3,,,,,,,,,,,3,5,,15,,,,,,,,,,,,
"KS, CB",2,SB,south,3,SB_S_3,210710,July,SB_S_3_July21,SB_S_July21,0.02098646,2.055508194,6.247582205,7.16,6.185825194,68.4291628,25.38501201,9.841684657,390,7,6,8,7,10,1,2,,,,7,,,,,,,,,,,,,,,,,,,,,,,,,,,,30,3,,,,,,,,,10,,,,,,,,,,,,,,,,,1,,,,,,,,,,,,,,,,,,,,,,,,15,,,,,,,,,,,,
"KS, CB",2,SB,south,4,SB_S_4,210710,July,SB_S_4_July21,SB_S_July21,na,na,na,na,na,na,na,na,na,na,na,na,na,na,na,2,,,,5,,,,,,,,,,,,,,,,,,,,,,,,,,,,,,,,,,,,,,5,,,,,,,,,,3,,,,,,,,,,,,,,,,,,,,,,,,,,,,,,,20,,,,,,,,,,,,
"KS, CB",2,SB,south,5,SB_S_5,210710,July,SB_S_5_July21,SB_S_July21,0.033242397,3.217289263,6.173587956,7.01,5.227948464,75.3724034,19.39964813,16.27986297,631,25,11,14,6,6,1,3,,,,20,,,,3,,,,,,,,,,,,,,,,,,,,,,,,,7,,,,,,,,,,,,,,,,,,,,,,,,,,,,,,,,,,,,,,,,,,,,,,,,,,,,,,,,,,,,,,
"KS, CB",2,SB,top,1,SB_T_1,210710,July,SB_T_1_July21,SB_T_July21,na,na,na,na,na,na,na,na,na,na,na,na,na,na,na,2,,,,,,,,,,,,,,,,,,,,,,,,,,,,,,,1,,,,,,,,,,15,,,,,,,,,,,20,,,,,,,,,,,,,,,,,5,,,2,,,,,,,,,,,7,,,,,,,,,,,,
"KS, CB",2,SB,top,2,SB_T_2,210710,July,SB_T_2_July21,SB_T_July21,0.027331354,2.660422479,6.070222131,6.92,4.184204011,63.09820711,32.71758887,12.65438263,495,13,17,7,5,8,0,1,,,,5,,,25,7,,,,,,,,,,,,,,,,,,,,,,,,,10,,,,,,,,,15,,,,,,,,,,,,,,,,,,,,,,,,,,,,,,3,,,,,,,,,,,2,,,,,,,,,,,,
"KS, CB",2,SB,top,3,SB_T_3,210710,July,SB_T_3_July21,SB_T_July21,0.029305136,2.847079542,8.066465257,6.97,6.052371542,72.78536403,21.16226443,15.50042582,605,21,26,6,2,6,0,2,2,,,5,,,5,,,,,,,,,,,,,,,,,,,,,,,5,,,5,,,,,,5,10,3,,,2,,3,10,,,,,10,,,,,,,2,,,,,,,,,,,,,,,,3,,,,,,,,5,,,,,,,,,,,,
"KS, CB",2,SB,top,4,SB_T_4,210710,July,SB_T_4_July21,SB_T_July21,0.059737974,5.637051389,8.026984748,6.65,9.140722291,65.99575915,24.86351856,13.84227195,525,10,12,15,3,10,3,2,,,,,,,10,,,,,,,,,,,,,,,,,,,,,,,,,,15,,3,,,,,,,,,,,,,,,,,10,,,,,,,3,,,,,,,,,,7,,,,,,,,,,,,,,10,,,,,,,,,,,,
"KS, CB",2,SB,top,5,SB_T_5,210710,July,SB_T_5_July21,SB_T_July21,na,na,na,na,na,na,na,na,na,na,na,na,na,na,na,2,2,,,7,,,,2,,,,,,,,,,,,,,1,,,,3,,,,3,1,,,,,,,,,,,,,,,,,,,,,,,2,,,,,,,,,,,,,,,7,,,,,,,,,,,,,,5,,,,,,,,,,,,
"KS, CB",2,KB,east,1,KB_E_1,210711,July,KB_E_1_July21,KB_E_July21,na,na,na,na,na,na,na,na,na,na,na,na,na,na,na,na,,,,,,,5,,,,,,,,,,,,,,,,,,,,,,,,1,,,,,,,,,,,,,,,,,,,,,,,,,,,,,,,,,,,,,,,,,3,,,,,,,,,,,10,,,,,,,,,,,,
"KS, CB",2,KB,east,2,KB_E_2,210711,July,KB_E_2_July21,KB_E_July21,na,na,na,na,na,na,na,na,na,na,na,na,na,na,na,na,,,,,,,,,,,,,,,,,,,,,,,,,,,,,,5,1,,10,,,,,,,,,,,,,,,,,,,,,,,,,,,,,,,,,,,,,,,2,,,,,,,,,,,5,,,,,,,,,,,1,
"KS, CB",2,KB,east,3,KB_E_3,210711,July,KB_E_3_July21,KB_E_July21,na,na,na,na,na,na,na,na,na,na,na,na,na,na,na,na,10,,,,,,25,,,,,,,,,,,,,,,,,,,,,,,5,1,,,,,,,,,,,,,,,,,,,,,,,1,,,,,,,,,,,,,,,,,,,,,,,,,,,,,,,,,,,,,,,,,
"KS, CB",2,KB,east,4,KB_E_4,210711,July,KB_E_4_July21,KB_E_July21,na,na,na,na,na,na,na,na,na,na,na,na,na,na,na,na,,,,,,,,,,,,,,,,,,,,,,,,,1,,,,,7,1,,7,,,,,,,,,,,,,,,,,,,,,1,3,,,,,,,,,,,,,,,,,,,,,,,,,10,,,,,,,,,,,,,,,
"KS, CB",2,KB,east,5,KB_E_5,210711,July,KB_E_5_July21,KB_E_July21,na,na,na,na,na,na,na,na,na,na,na,na,na,na,na,na,,,,,,,,,,,,,,,,,,,,,,,,,,,,,,,,,,,,,,,,,,,,,,,,,,,,,,75,,,,,,,,,,,,,,,,,,,,,,,,,,,,,5,,,,,,,,,,,,
"KS, CB",2,KB,north,1,KB_N_1,210711,July,KB_N_1_July21,KB_N_July21,na,na,na,na,na,na,na,na,na,na,na,na,na,na,na,na,,,,,,,,,,,,,,,,,,,,20,,,,,,,,,,,,,,,,,,,,,,,,,,,,,,,,,,,,,,,,,,,5,,,,,,,,,,,,,,,,,,,,,,,,,,,,,,,,
"KS, CB",2,KB,north,2,KB_N_2,210711,July,KB_N_2_July21,KB_N_July21,na,na,na,na,na,na,na,na,na,na,na,na,na,na,na,na,,,,,,,,,,,,,,,,,,,,10,,,,,,,,,,,,,,,,,,,,,,,,,,,,,,,,,,,,,,10,,,,,,,,,,,,,,,,,,,,,,,,,,10,,,,,,,,,,,
"KS, CB",2,KB,north,3,KB_N_3,210711,July,KB_N_3_July21,KB_N_July21,0.114914959,10.30706043,9.605320541,6.23,15.6853043,70.16397754,14.15071816,26.42017992,953,49,17,3,3,23,0,na,,,,,,,,,,,,,,,,,,,,15,,,,,,,,,,,,,,,,,,,,,,,,,,,,,,,,,,,,,,5,,,,,5,,,,,,,,,,,,,,,,,,,,,10,,,,,,,,,,,
"KS, CB",2,KB,north,4,KB_N_4,210711,July,KB_N_4_July21,KB_N_July21,0.133153699,11.75071832,11.40675873,6.09,11.08060893,71.36205907,17.55733199,5.179459267,185,8,5,3,3,10,1,na,,,,,,,,,,,,,,,,,,,,10,,,,,,,,,,,,,,,,,,,,,,,,,,,,,,,,,,,,,,15,,,,,3,,,,,,,,,,,,,,,,,,,,,3,15,,5,,,,,,,,
"KS, CB",2,KB,north,5,KB_N_5,210711,July,KB_N_5_July21,KB_N_July21,0.107319758,9.691848907,12.5481563,6.26,13.22725012,69.81715507,16.9555948,16.50611474,597,35,9,5,6,5,0,na,,,,,,,,,,,,,,,,,,,,15,,,,,,,,,,,,,,,,,,,,,,,,,,,,,,,,,,,,,,25,,,,,,,,,,,,,,,5,,,,,,,,,,,5,,,,,,,,,5,,
"KS, CB",2,KB,south,1,KB_S_1,210711,July,KB_S_1_July21,KB_S_July21,0.010085729,0.998502247,3.540090772,6.74,18.32136667,65.34290666,16.33572667,13.39438862,540,15,19,7,5,8,0,na,10,,,,,,,,,,,,,,,,,,,,,,,,,,,,,,,,10,,,,,,,,,,,,,,,,,,,,,,,,,,,,,,,,,,,,,,,15,,,,,,,,,,,,,,,,,,,,,,,
"KS, CB",2,KB,south,2,KB_S_2,210711,July,KB_S_2_July21,KB_S_July21,0.010277591,1.01730367,5.071558928,6.93,15.02242152,64.38829735,20.58928113,15.61499355,625,23,14,16,8,2,0,na,2,,,,,,35,,,,,,,,,,,,,,,,,,,,,,,,,,,,,,,,,,,,,,,,,,,,2,,,,,,,,,,,,,,,,,,,,,10,,,,,,,,,,,7,,,,,,,,,,,2,
"KS, CB",2,KB,south,3,KB_S_3,210711,July,KB_S_3_July21,KB_S_July21,na,na,na,na,na,na,na,na,na,na,na,na,na,na,na,na,5,,,,,,5,,,,,,,,,,,,,,,,,,,,,,,,,,10,,,,,,,,,,,,,,5,,,,,,,,,,,,1,,,,,,,,,,,,,,,,,2,,,,,,,1,,,,,,,,,,,,
"KS, CB",2,KB,south,4,KB_S_4,210711,July,KB_S_4_July21,KB_S_July21,0.011141223,1.101846337,6.514102178,6.76,13.95406273,67.18655376,18.85938351,10.25222285,407,8,6,14,5,7,1,na,,,,,,,,,,,,,,,,,,,,,,,,,1,,,,,,2,,10,,,,,,,,,,,,,,,,,,,,,,,3,,,,,,,,,,,,,,,,,,,,5,,,,,,,10,,,,,,,,,,,1,
"KS, CB",2,KB,south,5,KB_S_5,210711,July,KB_S_5_July21,KB_S_July21,na,na,na,na,na,na,na,na,na,na,na,na,na,na,na,na,,,,,,,10,,,,,,,,,,,,,,,,,,,,,,,,,,,,,,,,,,,,,,,,,,,,,,,,,,,,,,,,,,,,,,,,,10,,,,,,,,,,,15,,,,,,,,,,,10,
"KS, CB",2,KB,top,1,KB_T_1,210711,July,KB_T_1_July21,KB_T_July21,0.013306452,1.313171508,5.221774194,6.6,13.44455348,66.42627291,20.12917361,14.18464789,570,10,14,17,3,10,3,na,,,,,,,,,,,,,,,,,,,,,,,,,,,,,,,,,,,,,,,,,,,,,,,,,,,,,,2,,,,,1,,,,,,,,,,,,,15,,,,,,,,,,,30,,,,,,,,,,,,
"KS, CB",2,KB,top,2,KB_T_2,210711,July,KB_T_2_July21,KB_T_July21,0.021933707,2.146294514,7.563686437,6.71,14.00399401,66.88578244,19.11022355,5.37634005,213,10,5,6,3,6,0,na,20,,,,,,,,,,,,,,,,,,,,,,,,,,,,,,,,10,,,,,,,,,,,,,,,,,,2,,,,,,,,,,,,,,,,,,,,,20,,,,,,,,,,,,,,,,,,,,,,,
"KS, CB",2,KB,top,3,KB_T_3,210711,July,KB_T_3_July21,KB_T_July21,0.013079329,1.291046871,8.037152877,6.46,19.63537817,53.87079046,26.49383137,16.75803919,675,38,18,6,4,2,0,na,20,,,,,,,,,,,,,,,,,,,,,,,,,,,,,,,,15,,,,,,,,,,,,,,,,,,,,,2,,,,,,,,,,,,,,,,,,3,,,,,,,,,,,,,,,,,,,,,,,
"KS, CB",2,KB,top,4,KB_T_4,210711,July,KB_T_4_July21,KB_T_July21,na,na,na,na,na,na,na,na,na,na,na,na,na,na,na,na,7,,,,,,,,,,,,,,,,,,,,,,,,,,,,,,,,,,,,,,,,,,,,,,,,,,,,,3,,,,,,,,,,,,,,,,,,15,,,,,,,,,,,,,,,,,,,,,,,
"KS, CB",2,KB,top,5,KB_T_5,210711,July,KB_T_5_July21,KB_T_July21,na,na,na,na,na,na,na,na,na,na,na,na,na,na,na,na,,15,,,,,,,,,,,,,,,,,,,,,,,,,,,,,2,,25,,,,,,,,,,,,,,,,,,,,,,,,,,,,,,,,,,,,5,,,10,,,,,,,,,,,,,,,,,,,,,,,
"KS, CB",2,KB,west,1,KB_W_1,210711,July,KB_W_1_July21,KB_W_July21,na,na,na,na,na,na,na,na,na,na,na,na,na,na,na,na,2,,,3,,,,,,,,,,,,,,,,,,,,,,,,,,,,,,,,,,,,,,,,,,,,,,,,,,,,,,,,,,,,,,,,,,,,10,,,,,,,,,,,10,,,,,,,,,,,,
"KS, CB",2,KB,west,2,KB_W_2,210711,July,KB_W_2_July21,KB_W_July21,na,na,na,na,na,na,na,na,na,na,na,na,na,na,na,na,,,,15,,,,,,,,,,,,,,,,,,,,,,,,,,,,,,,,,,,,,,,,,,,,,,,,,,,,,,,,,,,,,,,,,,,,,,,,,,,,,,,,,,,,,,,,,,,
"KS, CB",2,KB,west,3,KB_W_3,210711,July,KB_W_3_July21,KB_W_July21,na,na,na,na,na,na,na,na,na,na,na,na,na,na,na,na,,,,,,,,,,,,,,,,,,,,,,,,,,,,,,,,,,,,,,,,,,40,,,,,,,,,,,,1,,,,,,,,,,,,,,,,,,,,,,,,,,,,,5,,,,,,,,,,,,
"KS, CB",2,KB,west,4,KB_W_4,210711,July,KB_W_4_July21,KB_W_July21,na,na,na,na,na,na,na,na,na,na,na,na,na,na,na,na,,,,,,,,,,,,,,,,,,,,,,,,,,,,,,,,,,,,,,,,,,30,,,,,,,,,,3,,,,,,,1,,,,,,,,,,,,,,,,,5,,,,,,,5,,,,,,,,,,,,
"KS, CB",2,KB,west,5,KB_W_5,210711,July,KB_W_5_July21,KB_W_July21,na,na,na,na,na,na,na,na,na,na,na,na,na,na,na,na,,,,,,,,,,,,,,,,,,,,,,,,,5,,,,,10,2,,10,,,,,,,,,5,,,,,,,,,,,,,,,,,,,,,,,,,,,,,,,,,,,,,,5,,,3,,,,,,,,,,,,
